{"loss_G": [6.516104535241756, 8.611135749944152, 8.336685468443964, 8.392379943684809, 8.99235516135262, 8.823941542751065, 11.398493400742641, 14.312258328434043, 15.622142143100042, 10.015573593201944, 11.94450636769219, 9.655663157465792, 11.36915853790733, 9.878963102195828, 11.225667714863585, 10.085170303243967, 10.062822342977247, 10.02873707946483, 10.105594892922017, 9.207782585923477, 10.588948766020295], "loss_D": [0.0643104793275691, 0.02781982501227149, 0.05506867957473496, 0.0154336840522232, 0.0324342738755081, 0.014744509774802756, 5.854623646740882e-05, 4.856581464422923e-06, 0.01673682736021025, 0.014776125675739679, 0.00011320788377270857, 0.020289426123931465, 0.015910331567118748, 0.011573061964122036, 0.005871981099705155, 0.01833339767296908, 0.021896646418757208, 0.00830169153370485, 0.017205146233704553, 0.010363257806884407, 0.010474359320972156], "val_loss_G": [0.5469865956790737, 8.883174500321214, 6.176331353751742, 11.521967927841217, 7.774293375892873, 17.163186600707686, 6.260412642665331, 2.4812291276857463, 10.8881365743047, 0.6155010219655219, 5.361978663048339, 3.6187354992817204, 6.316735838832926, 1.5138349800301114, 9.0854902121187, 3.28525454626075, 7.025285225599926, 3.8105980551178837, 6.805496841851919, 2.7375919916246034, 1.5135203176794294]}