{
  "full": {
    "psnr_mean": 19.534674969133736,
    "psnr_std": 4.170333906417344,
    "ssim_mean": 0.8044372200965881,
    "ssim_std": 0.10303474962711334
  },
  "only_L1": {
    "psnr_mean": 20.408974533095737,
    "psnr_std": 4.805390114109266,
    "ssim_mean": 0.8471516966819763,
    "ssim_std": 0.12780645489692688
  },
  "only_adv": {
    "psnr_mean": 11.095927099380122,
    "psnr_std": 1.5599511249961342,
    "ssim_mean": 0.1373419463634491,
    "ssim_std": 0.06256994605064392
  }
}