{"loss_G": [26.694280942141724, 26.472839987419093, 26.582609262449708, 26.733436833866225, 27.7962243745119, 27.849221933102303, 27.80796551767121, 27.094328345566765, 27.687037090939526, 27.943115652260786, 27.856069432701368, 27.725467948002127, 27.43952046962539, 28.95755759042274, 28.239241568365937, 27.6994661482109, 28.326802899888712, 27.552698252233483, 27.61014398092348, 27.95783576501247, 28.664041009507436, 28.169677185834576, 28.52123175750224], "loss_D": [0.12830384064354808, 0.04182496279672613, 0.04874630633529307, 0.026871227599668708, 0.023152325726449735, 0.022358273607570322, 0.026297124394028093, 0.021976155159888523, 0.01592206285970548, 0.0196109959290659, 0.016583402998121256, 0.013936694728193866, 0.014947215573832424, 0.005727891939183159, 0.020251972812595376, 0.01152705317351225, 0.012455024892783311, 0.015837685373232595, 0.011514064450196882, 0.011695420030234754, 0.009695426618436486, 0.006911528515910237, 0.01177844734372003], "val_loss_G": [21.227384127617718, 22.32336376300514, 20.418005719715623, 22.335008006049915, 24.125814350940594, 25.06302946644013, 26.25586452032786, 25.22159024187601, 26.597531154007374, 23.008225341516038, 24.58814951038277, 26.801773765858176, 24.423815219053356, 23.91044532197489, 26.38361105220972, 23.114585537956433, 26.02909834859248, 22.71769985078616, 25.10911075615444, 23.538416328396742, 25.64566902357899, 24.361201390793823, 24.860167198281452]}