{
  "psnr_mean": 21.04160007360788,
  "psnr_std": 2.7009791936500984,
  "ssim_mean": 0.8420865535736084,
  "ssim_std": 0.050545237958431244
}