{"loss_G": [20.480622014577115, 18.371176668239862, 17.84472536214973, 17.640175426910446, 17.45381068268767, 17.336113850676348, 17.221106886236566, 17.121815918726337, 17.046426061578405, 16.971477479121496, 16.881620651428662, 16.862345639418635, 16.809287640046048, 16.721046772143236, 16.687671377804133, 16.670469145563704, 16.637422537918624, 16.583404093183795, 16.52490002217391, 16.50639678662621, 16.44184465588106, 16.466449677134126, 16.42666265307054, 16.38614953630381, 16.316782217546287, 16.312492765705088, 16.26364374646802, 16.262293392030465, 16.193196956811377, 16.158497766045716, 16.12833716638357, 16.097289045146557, 16.0498295843157, 16.023234467399796, 16.018842287097048, 15.947122631183793, 15.932389873937785, 15.916073000049549, 15.868539229760511, 15.82450269492558, 15.805374003355569, 15.776438054783414, 15.761597740080523, 15.743676162299122, 15.678465831441766, 15.672944505242912, 15.626075909724104, 15.611548274820805, 15.615135584887263, 15.579256807174248], "loss_D": [0.0, 0.0, 0.0, 0.0, 0.0, 0.0, 0.0, 0.0, 0.0, 0.0, 0.0, 0.0, 0.0, 0.0, 0.0, 0.0, 0.0, 0.0, 0.0, 0.0, 0.0, 0.0, 0.0, 0.0, 0.0, 0.0, 0.0, 0.0, 0.0, 0.0, 0.0, 0.0, 0.0, 0.0, 0.0, 0.0, 0.0, 0.0, 0.0, 0.0, 0.0, 0.0, 0.0, 0.0, 0.0, 0.0, 0.0, 0.0, 0.0, 0.0], "val_loss_G": [19.034659228964294, 18.349422811312596, 18.01956543726006, 17.51376484027565, 17.428699929290023, 17.278528832845996, 17.26260139166943, 17.08793039597721, 17.060964834470692, 17.065127809250384, 16.99450662092197, 16.988580405346454, 16.89656993425488, 16.94801068974628, 16.842796791446094, 17.092208368333154, 16.857282752221764, 16.907010140281095, 16.949348823946888, 16.77142958490604, 16.816298508205296, 16.762719288925453, 16.71462874575522, 16.81931939948347, 16.67619151529986, 16.850627078600457, 16.84295016835386, 16.70046765798022, 16.726704844876824, 16.81108598370598, 16.673785039356776, 16.66858098320957, 16.92311381395191, 16.677508639202735, 16.683493519957707, 16.60565964158014, 16.607299828926372, 16.559963106795635, 16.71891331609982, 16.698414173385327, 16.57597446608815, 16.597310122223302, 16.796937132592163, 16.56105674368368, 16.623904276270284, 16.558941948110864, 16.639083012272454, 16.566064090503087, 16.575353486406293, 16.73978647466922]}